ASIN,SKU,Title,Description,Key Features,Category
B0DJK9YFLP,7F-0661-YPNE,"Tri‑Fold Golf Towel 16x26 Cotton Velour with Brass Grommet & Hook — Embroidery‑Ready — Baby Pink — Attaches to Golf Bag.","Baby Pink Tri-Fold Golf Towel: Premium 100% Cotton Velour, Embroidery-Ready 16""x26"" with brass grommet & hook – Attaches easily to Your Bag.","• Affordable – At Strokes and Barrels, we cut the cost of branding and packaging and any unnecessary markups, and pass the savings directly to you.
• Sold as a single golf towel -16"" x 26"" tri-fold - we suggest buying a pair so you always have one handy between washes!
• Premium quality Terry Velour - Ensuring that your clean club face produces the right trajectory.
• Versatile – Great for cleaning golf balls, cleaning golf clubs, drying of hands. Very absorbent and quick drying.
• Comes with clip so you can attach your golf towel to your bag.
• Soft, absorbent velour: plush cotton terry velour wipes clubs and hands fast without scratching.",TOWEL
B09B944KGH,MA-E8ZE-IMLT,"(New Upgraded Material) Premium Velour Pink Tri-fold Golf Towel with Clip. 16""x26"" – Long, Soft, Quick Drying, Absorbent. Attaches Easily to Your Bag.","We are golfers who understand how the right golf towel is critical for a good golf game! Any grime and dirt from the club face and balls will affect the clean contact and produce the right ball trajectory. A good golf towel will enhance the reliability of the contact between the ball and the club face.","• Affordable – At Strokes and Barrels, we cut the cost of branding and packaging and any unnecessary markups, and pass the savings directly to you.
• Sold as a single golf towel -16"" x 26"" tri-fold - we suggest buying a pair so you always have one handy between washes!
• Premium quality Terry Velour - Ensuring that your clean club face produces the right trajectory.
• Versatile – Great for cleaning golf balls, cleaning golf clubs, drying of hands. Very absorbent and quick drying.
• Comes with clip so you can attach your golf towel to your bag.",TOWEL
B09QM1NDG4,ME-X7R7-MBHW,"Fun, Crypto Golf Ball Markers Set - Bitcoin Design with Hat Clips (2-Pack)","Novelty gifts for golfers! - These gold bitcoins are each 1 inch in diameter and 2mm thick. The included hat clips are upgraded with EXTRA strong magnets to prevent them from falling off during your round!","• Great, unique, novelty gift for golfers - These make great gifts, especially for bitcoin or cryptocurrency fans, and even for yourself. Sold in packs of 2.
• Affordable – At Strokes and Barrels, we cut the cost of branding and packaging and any unnecessary markups, and pass the savings directly to you.
• Premium quality - Each gold bitcoin is a printed with great attention to detail! It attaches easily to the hat clip that comes with it.",SPORTING_GOODS
B099HXNNT4,WT-3M8W-E0NI,"Large Bitcoin Golf Ball Marker Set — 3 Big Coins (Gold, Silver, Copper), Unique Gift for Men & Women, Custom Ball Markers, No Hat Clip Included.","Each Bitcoin is 4cm in diameter and 1.5mm in thickness (others in the market are 3mm!). Comes in a pack of 3 - in Gold, Silver, Copper with removable casings. Golf hat magnet clip not included. If you're looking for regular sized Bitcoin markers with hat clips, they can be found here https://www.amazon.com/dp/B09QM1NDG4?ref=myi_title_dp","• Custom-made for golfers! - Each coin is precision-made so they are only 1.5 mm thick (unlike other bitcoins in the market which are too thick at 3mm) and thus perfect as golf markers.
• Great, big, unique, novelty gift for golfers - These make great gifts, especially for bitcoin or cryptocurrency fans, and even for yourself. Comes nicely packaged. Sold in packs of threes, in Gold, SIlver, Copper. Each coin is encased in a removable coin case
• Affordable – At Strokes and Barrels, we cut the cost of branding and packaging and any unnecessary markups, and pass the savings directly to you.
• Premium quality - Each bitcoin is printed with great attention to detail, to bring a little luck to the golf game! These are metal which will stick onto your existing magnets on your hat clips!
• Note: Copper, by nature, will lose its luster over time. To restore the shine, please give it a polish to dazzle your golf buddies again!",SPORTING_GOODS
B0DJKH8ZJV,Z0-N3JV-3CA5,"Ladies Golf Ball Markers with Magnetic Hat Clip – 2‑Pack Bundle, Elegant Designs, Strong Magnet, High Contrast - Ideal Gift for her","""Queen of the Green"" & ""Golf Goddess"" Ladies' Golf Ball Marker Set with Premium Magnetic Hat Clips Set, Strong Magnet, High‑Contrast – Unique Gift for Women Golfers.","• Crown Your Game in Style – This set of two unique ball markers (""Queen of the Green"" & ""Golf Goddess"") lets every woman golfer stand out on the course with confidence and flair.
• Magnetic Hat Clips Included – Each ball marker comes with a strong magnetic clip that easily attaches to your hat, visor, or belt, ensuring they stay secure throughout your game.
• Durable & Eye-Catching Design – Made with premium materials to withstand the elements and provide long-lasting use. The high-quality colors won't fade, making sure you stay the queen of the course!
• Perfect Gift for Women Golfers – Whether for birthdays, holidays, or special occasions, this stylish ball marker set is a thoughtful and fun gift for any lady who loves to golf.
• Affordable – At Strokes and Barrels, we cut the cost of branding and packaging and any unnecessary markups, and pass the savings directly to you",SPORTING_GOODS
