ASIN,Shopify Title,Description,Bullet 1,Bullet 2,Bullet 3,Bullet 4,Bullet 5,Alt Text,SEO Keywords,Suggested Price
B0DJK9YFLP,"Baby Pink Golf Towel – Velour Tri-Fold, Embroidery-Ready, w/ Clip","Your clubs deserve better than a sweaty handshake. This baby pink velour tri-fold is the caddie your bag didn't know it was missing — plush, perfectly sized, and ready to get dirty so your game doesn't have to.

Made from premium 100% cotton terry velour, it wipes grime off club faces and golf balls fast without scratching. The 16""x26"" tri-fold format gives you three clean surfaces in rotation, and the brass grommet and hook clips onto your bag in seconds. Embroidery-ready so you can make it yours.

At Strokes and Barrels, we skip the fancy packaging and unnecessary markup and put that money back in your pocket. Pro tip: buy two — one on the bag, one in the wash. You'll thank us on the back nine.","Premium 100% cotton terry velour — wipes clubs, balls, and hands without scratching","16""x26"" tri-fold design gives you three clean surfaces to rotate through your round",Brass grommet & hook clips directly to any golf bag — no fumbling required,"Embroidery-ready — personalize it for your club, crew, or that overconfident playing partner","Direct-to-you pricing: no brand tax, no fluff, just a genuinely great golf towel","Baby pink cotton velour tri-fold golf towel measuring 16 by 26 inches with brass grommet and hook, attached to a golf bag.","pink golf towel, golf towel with clip, tri-fold golf towel, cotton velour golf towel, embroidery golf towel, golf bag towel, golf accessories for women, golf towel hook",$14.99
B09B944KGH,"Pink Golf Towel w/ Clip – Velour, 16x26"", Quick Dry, Upgraded","Golf isn't always pretty — your clubs certainly aren't after 18 holes. But your towel? That can be. The upgraded velour pink tri-fold is for golfers who want premium performance without the premium price tag.

We redesigned this towel with upgraded material that dries faster, feels softer, and wipes cleaner than the last version. The 16""x26"" tri-fold format gives you max surface area in a compact package, and the built-in clip keeps it where you need it — right on your bag, not buried at the bottom of your cart.

Strokes and Barrels cuts out the middlemen, the fancy boxes, and the brand tax — so you get more towel for less money. Trust us: buy two. One for the bag, one for the post-round handshake you'll actually want to give.",Upgraded velour material — softer feel and faster drying than standard cotton towels,"16""x26"" tri-fold format maximizes clean surface area without the bulk",Clip included — attaches directly to any golf bag in under 5 seconds,"Handles clubs, balls, and hands — one towel, zero excuses for a dirty club face","Direct-to-you pricing: premium quality, no unnecessary markup passed along","Premium pink velour tri-fold golf towel 16 by 26 inches with attached clip shown hanging from a golf bag, upgraded material version.","pink golf towel, velour golf towel, golf towel quick dry, golf towel with clip, tri-fold golf towel, women's golf accessories, golf bag towel, absorbent golf towel",$14.99
B09QM1NDG4,"Bitcoin Golf Ball Markers w/ Hat Clips – 2-Pack, Strong Magnet","Why mark your ball with a boring coin when you can mark it with the future of finance? These gold bitcoin ball markers are for the golfer who read the whitepaper, HODLed through the dips, and still somehow made their tee time.

Each coin is 1 inch in diameter and 2mm thick — slim enough to sit perfectly on the green, bold enough to make your playing partners ask questions. The included hat clips come with upgraded extra-strong magnets that won't bail on you mid-round, not even on that sketchy cart path turn.

Strokes and Barrels is built for golfers who don't overpay — ever. Great gift for the crypto fan in your foursome (or yourself, no shame). Sold in packs of 2.","1"" diameter gold bitcoin design — bold enough to spark a blockchain debate on the 7th green","2mm slim profile lies perfectly flat for accurate, rules-compliant ball placement","Extra-strong upgraded magnetic hat clips — stay put through 18 holes, wind, and cart vibration","Sold in 2-packs — one on your hat, one in your bag as the responsible backup",Perfect gift for golfers who also check their portfolio between holes,"Two gold bitcoin golf ball markers with magnetic hat clips on a white background, one inch diameter novelty coin design for golfers.","bitcoin golf ball marker, crypto golf gift, novelty golf ball marker, golf ball marker with hat clip, golf gift for men, funny golf accessories, magnetic golf ball marker, golf gifts for crypto fans",$12.99
B099HXNNT4,"Large Bitcoin Golf Ball Markers – 3-Pack (Gold, Silver, Copper)","Go big or go home. These oversized bitcoin ball markers are 4cm across — that's not a marker, that's a statement. One in gold, one in silver, one in copper, all precision-made for the golfer who's been waiting to merge their two favorite obsessions on the fairway.

At just 1.5mm thin, they sit flat on the green — unlike the clunky 3mm competition that practically trips your putt. Each coin comes in its own removable casing for easy storage and gifting, and the metal construction means they'll stick to your existing hat clip magnets. No clip included, but they play nice with any magnetic setup.

Strokes and Barrels prices for people, not prestige. Grab a set for yourself or gift all three in one shot — comes nicely packaged. Note: copper naturally dulls over time; a quick polish brings back the shine.","Big 4cm coins in Gold, Silver & Copper — three metals, one definitive ball marker set",Only 1.5mm thin — precision-made to lie flat (competitors are a clunky 3mm),Each coin in a removable coin case — tidy storage and gift-ready straight out of the box,Metal construction sticks to existing hat clip magnets — no clip included,Conversation-starter on every green — because boring ball markers are for boring golfers,Set of three large bitcoin golf ball markers in gold silver and copper each 4 centimeters in diameter displayed in individual removable coin cases.,"large bitcoin golf ball marker, oversized golf ball marker, crypto golf accessories, novelty golf gift, golf gift for men, bitcoin gift set, golf ball marker set, unique golf accessories",$15.99
B0DJKH8ZJV,Women's Golf Ball Markers – Queen of the Green 2-Pack + Clips,"Fore, your highness. The Queen of the Green and Golf Goddess ball marker set is for the woman who plays seriously, dresses intentionally, and absolutely does not use a boring coin to mark her ball.

This 2-pack comes with two uniquely designed high-contrast markers that pop on any turf, plus strong magnetic hat clips that attach to your hat, visor, or belt. Fade-resistant colors and serious magnet strength mean they'll look sharp and stay put through 18 holes of wind, cart rides, and whatever the back nine throws at you.

Thoughtful design, direct pricing, no unnecessary markup — that's the Strokes and Barrels way. The go-to gift for birthdays, holidays, Mother's Day, or any occasion that calls for crowning the golfer in your life.","""Queen of the Green"" & ""Golf Goddess"" designs — two bold markers that stand out on any putting surface","Strong magnetic hat clips included — attach securely to hat, visor, or belt all round long","High-contrast, fade-resistant colors — no squinting to find your marker in bright sun",Premium materials built to outlast the elements and still look great doing it,"The go-to gift for any woman who golfs — stylish, fun, and actually useful on the course",Two women's golf ball markers labeled Queen of the Green and Golf Goddess with premium magnetic hat clips on a light background.,"women's golf ball marker, ladies golf accessories, golf gift for women, magnetic golf ball marker, golf goddess gift, queen of the green, golf birthday gift for her, golf hat clip marker",$13.99
